trường,đại,học,công,nghệ,thông,tin,dhqg,tp.hcm,được,thành,lập,từ,khi,nào?,uit,có,những,tựu,gì,nổi,bật,trong,lĩnh,vực,đào,tạo?
-0.027031007207210963,-0.027031007207210963,-0.027031007207210963,-0.027031007207210963,-0.027031007207210963,-0.027031007207210963,-0.027031007207210963,-0.027031007207210963,-0.027031007207210963,0.0,-0.027031007207210963,0.0,0.0,0.0,0.0,0.0,0.0,0.0,0.0,0.0,0.0,0.0,0.0,0.0,0.0,0.0,0.0
-0.018430232186734747,-0.018430232186734747,-0.018430232186734747,-0.018430232186734747,-0.018430232186734747,-0.018430232186734747,-0.018430232186734747,-0.018430232186734747,-0.018430232186734747,0.0,-0.018430232186734747,0.0,0.0,0.0,0.0,0.0,0.0,0.0,0.0,0.0,0.0,0.0,0.0,0.0,0.0,0.0,0.0
