,quả cam có hình tròn.,quả táo có hình tròn hơi nhỏ.,quả chanh hình bầu dục.,quả mít to dài có vỏ xù xì.,quả mít có thể lấy gỗ
quả cam có hình tròn.,1.0000000000000002,0.46914781741814665,0.21671410327931084,0.13452673594843523,0.16347714298744603
quả táo có hình tròn hơi nhỏ.,0.46914781741814665,1.0,0.1635188407648412,0.10150541926574319,0.12334957673890976
quả chanh hình bầu dục.,0.21671410327931084,0.1635188407648412,1.0000000000000002,0.04758164188019383,0.057821300861766546
quả mít to dài có vỏ xù xì.,0.13452673594843523,0.10150541926574319,0.04758164188019383,0.9999999999999999,0.2344685068518159
quả mít có thể lấy gỗ,0.16347714298744603,0.12334957673890976,0.057821300861766546,0.2344685068518159,1.0
