các,mùi,như,quả,vị
0.19999999999999998,0.19999999999999998,0.19999999999999998,0.19999999999999998,0.19999999999999998
