Câu hỏi,2024,bao,chuẩn,các,giá,học,là,lực,ngành,nhiêu,năm,năng,uit,điểm,đánh
điểm chuẩn đánh giá năng lực các ngành học ở uit năm 2024 là bao nhiêu?,0.2300137682087411,0.2300137682087411,0.2300137682087411,0.2300137682087411,0.32327632560186453,0.2300137682087411,0.2300137682087411,0.32327632560186453,0.2300137682087411,0.2300137682087411,0.2300137682087411,0.32327632560186453,0.2300137682087411,0.2300137682087411,0.32327632560186453
điểm chuẩn các ngành học ở uit năm 2024 là bao nhiêu?,0.30151134457776363,0.30151134457776363,0.30151134457776363,0.30151134457776363,0.0,0.30151134457776363,0.30151134457776363,0.0,0.30151134457776363,0.30151134457776363,0.30151134457776363,0.0,0.30151134457776363,0.30151134457776363,0.0
