Câu hỏi,bật,có,công,dhqg,gì,hcm,học,khi,lĩnh,lập,nghệ,những,nào,nổi,thành,thông,tin,tp,trong,trường,tạo,từ,tựu,uit,vực,đào,được,đại
trường đại học công nghệ thông tin dhqg tp hcm được thành lập từ khi nào?,0.0,0.0,0.21886155573996818,0.21886155573996818,0.0,0.21886155573996818,0.21886155573996818,0.3076022800987954,0.0,0.3076022800987954,0.21886155573996818,0.0,0.3076022800987954,0.0,0.21886155573996818,0.21886155573996818,0.21886155573996818,0.21886155573996818,0.0,0.21886155573996818,0.0,0.3076022800987954,0.0,0.0,0.0,0.0,0.3076022800987954,0.21886155573996818
trường uit đại học công nghệ thông tin dhqg tp hcm có những thành tựu gì nổi bật trong lĩnh vực đào tạo?,0.23857799712952948,0.23857799712952948,0.16975020991497183,0.16975020991497183,0.23857799712952948,0.16975020991497183,0.16975020991497183,0.0,0.23857799712952948,0.0,0.16975020991497183,0.23857799712952948,0.0,0.23857799712952948,0.16975020991497183,0.16975020991497183,0.16975020991497183,0.16975020991497183,0.23857799712952948,0.16975020991497183,0.23857799712952948,0.0,0.23857799712952948,0.23857799712952948,0.23857799712952948,0.23857799712952948,0.0,0.16975020991497183
