,bật,có,công,dhqg,gì,hcm,học,lĩnh,nghệ,những,nổi,thành,thông,tin,tp,trong,trường,tạo,tựu,uit,vực,đào,đại
trường uit đại học công nghệ thông tin dhqg tp.hcm có những thành tựu gì nổi bật trong lĩnh vực đào tạo?,0.20851441405707477,0.20851441405707477,0.20851441405707477,0.20851441405707477,0.20851441405707477,0.20851441405707477,0.20851441405707477,0.20851441405707477,0.20851441405707477,0.20851441405707477,0.20851441405707477,0.20851441405707477,0.20851441405707477,0.20851441405707477,0.20851441405707477,0.20851441405707477,0.20851441405707477,0.20851441405707477,0.20851441405707477,0.20851441405707477,0.20851441405707477,0.20851441405707477,0.20851441405707477
