bầu,cam,chanh,có,dài,dục,gỗ,hình,hơi,lấy,mít,nhỏ,quả,thể,to,tròn,táo,vỏ,xì,xù
0.0,0.5968081855033923,0.0,0.18942686152397759,0.0,0.0,0.0,0.2676766476157177,0.0,0.0,0.0,0.0,0.1355096887835731,0.0,0.0,0.3884720446125371,0.0,0.0,0.0,0.0
0.0,0.0,0.0,0.12074906711896127,0.0,0.0,0.0,0.1706289447499375,0.3804319570557461,0.0,0.0,0.3804319570557461,0.086379874398785,0.0,0.0,0.247629278188837,0.3804319570557461,0.0,0.0,0.0
0.506151096841805,0.0,0.506151096841805,0.0,0.0,0.506151096841805,0.0,0.22701570132680882,0.0,0.0,0.0,0.0,0.11492532990753913,0.0,0.0,0.0,0.0,0.0,0.0,0.0
0.0,0.0,0.0,0.09728790948554203,0.3065152442708613,0.0,0.0,0.0,0.0,0.0,0.1995157012573111,0.0,0.06959654101180088,0.0,0.3065152442708613,0.0,0.0,0.3065152442708613,0.3065152442708613,0.3065152442708613
0.0,0.0,0.0,0.1374341031694245,0.0,0.0,0.4329998242010042,0.0,0.0,0.4329998242010042,0.2818465482043512,0.0,0.09831579533603169,0.4329998242010042,0.0,0.0,0.0,0.0,0.0,0.0
