Term,IDF
cam,2.09861228866811
chanh,2.09861228866811
chua,2.09861228866811
dở,2.09861228866811
mít,1.6931471805599454
ngon,2.09861228866811
quả,1.0
thơm,2.09861228866811
to,2.09861228866811
táo,2.09861228866811
