cam,chanh,chua,dở,mít,ngon,quả,thơm,to,táo
0.6995374295560366,0.0,0.0,0.0,0.0,0.6995374295560366,0.3333333333333333,0.0,0.0,0.0
0.0,0.0,0.0,0.6995374295560366,0.0,0.0,0.3333333333333333,0.0,0.0,0.6995374295560366
0.0,0.6995374295560366,0.6995374295560366,0.0,0.0,0.0,0.3333333333333333,0.0,0.0,0.0
0.0,0.0,0.0,0.0,0.5643823935199818,0.0,0.3333333333333333,0.0,0.6995374295560366,0.0
0.0,0.0,0.0,0.0,0.5643823935199818,0.0,0.3333333333333333,0.6995374295560366,0.0,0.0
