,quả cam ngon.,quả táo dở.,quả chanh chua.,quả mít to.,quả mít rất thơm nữa
quả cam ngon.,1.0,0.10195397779270612,0.10195397779270612,0.111026117541956,0.07726226947534866
quả táo dở.,0.10195397779270612,1.0,0.10195397779270612,0.111026117541956,0.07726226947534866
quả chanh chua.,0.10195397779270612,0.10195397779270612,1.0,0.111026117541956,0.07726226947534866
quả mít to.,0.111026117541956,0.111026117541956,0.111026117541956,1.0,0.3253375851798259
quả mít rất thơm nữa,0.07726226947534866,0.07726226947534866,0.07726226947534866,0.3253375851798259,1.0
