,quả cam có hình tròn.,quả táo có hình tròn hơi nhỏ.,quả chanh hình bầu dục.,quả mít to dài có vỏ xù xì.,quả mít có thể lấy gỗ
quả cam có hình tròn.,1.0,0.41810465862738416,0.23102463646106572,0.06140043379874054,0.0755932180772133
quả táo có hình tròn hơi nhỏ.,0.41810465862738416,1.0000000000000002,0.16941073040825666,0.04502503497708766,0.055432626080680204
quả chanh hình bầu dục.,0.23102463646106572,0.16941073040825666,1.0000000000000002,0.04884941371980361,0.06014101457929559
quả mít to dài có vỏ xù xì.,0.06140043379874054,0.04502503497708766,0.04884941371980361,1.0000000000000002,0.18389298045682487
quả mít có thể lấy gỗ,0.0755932180772133,0.055432626080680204,0.06014101457929559,0.18389298045682487,1.0
