bầu,cam,chanh,có,dài,dục,gỗ,hình,hơi,lấy,mít,nhỏ,quả,thể,to,tròn,táo,vỏ,xì,xù
0.0,0.2843822981147977,0.0,0.16021602620325848,0.0,0.0,0.0,0.1904541393959083,0.0,0.0,0.0,0.0,0.1355096887835731,0.0,0.0,0.2294378475024625,0.0,0.0,0.0,0.0
0.0,0.0,0.0,0.10212878757483776,0.0,0.0,0.0,0.12140389951025801,0.18127786590689807,0.0,0.0,0.18127786590689807,0.086379874398785,0.0,0.0,0.14625384079542503,0.18127786590689807,0.0,0.0,0.0
0.2411837096231983,0.0,0.2411837096231983,0.0,0.0,0.2411837096231983,0.0,0.16152354122286594,0.0,0.0,0.0,0.0,0.11492532990753913,0.0,0.0,0.0,0.0,0.0,0.0,0.0
0.0,0.0,0.0,0.08228549071654673,0.14605615621615942,0.0,0.0,0.0,0.0,0.0,0.11783718719085526,0.0,0.06959654101180088,0.0,0.14605615621615942,0.0,0.0,0.14605615621615942,0.14605615621615942,0.14605615621615942
0.0,0.0,0.0,0.1162408841991328,0.0,0.0,0.20632673626237494,0.0,0.0,0.20632673626237494,0.1664631116777107,0.0,0.09831579533603169,0.20632673626237494,0.0,0.0,0.0,0.0,0.0,0.0
