cam,chanh,chua,dở,mít,ngon,quả,thơm,to,táo
0.8474087414567937,0.0,0.0,0.0,0.0,0.8474087414567937,0.19241038849095474,0.0,0.0,0.0
0.0,0.0,0.0,0.8474087414567937,0.0,0.0,0.19241038849095474,0.0,0.0,0.8474087414567937
0.0,0.8474087414567937,0.8474087414567937,0.0,0.0,0.0,0.19241038849095474,0.0,0.0,0.0
0.0,0.0,0.0,0.0,0.5982661261375709,0.0,0.20869161034101286,0.0,0.9191140678975499,0.0
0.0,0.0,0.0,0.0,0.598266126137571,0.0,0.20869161034101288,0.91911406789755,0.0,0.0
