,quả cam có hình tròn.,quả táo có hình tròn hơi nhỏ.,quả chanh hình bầu dục.,quả mít to dài có vỏ xù xì.,quả mít có thể lấy gỗ
quả cam có hình tròn.,1.0,0.41810465862738416,0.23102463646106572,0.061400433798740536,0.0755932180772133
quả táo có hình tròn hơi nhỏ.,0.41810465862738416,1.0,0.16941073040825663,0.04502503497708765,0.055432626080680204
quả chanh hình bầu dục.,0.23102463646106572,0.16941073040825663,0.9999999999999998,0.04884941371980359,0.06014101457929558
quả mít to dài có vỏ xù xì.,0.061400433798740536,0.04502503497708765,0.04884941371980359,0.9999999999999997,0.18389298045682484
quả mít có thể lấy gỗ,0.0755932180772133,0.055432626080680204,0.06014101457929558,0.18389298045682484,1.0
