cam,chanh,chua,dở,mít,ngon,quả,thơm,to,táo
0.40379480575452265,0.0,0.0,0.0,0.0,0.40379480575452265,0.19241038849095474,0.0,0.0,0.0
0.0,0.0,0.0,0.40379480575452265,0.0,0.0,0.19241038849095474,0.0,0.0,0.40379480575452265
0.0,0.40379480575452265,0.40379480575452265,0.0,0.0,0.0,0.19241038849095474,0.0,0.0,0.0
0.0,0.0,0.0,0.0,0.3533456116554006,0.0,0.20869161034101286,0.0,0.4379627780035864,0.0
0.0,0.0,0.0,0.0,0.3533456116554007,0.0,0.20869161034101288,0.43796277800358646,0.0,0.0
