Term,IDF
bầu,2.09861228866811
cam,2.09861228866811
chanh,2.09861228866811
có,1.1823215567939547
dài,2.09861228866811
dục,2.09861228866811
gỗ,2.09861228866811
hình,1.4054651081081644
hơi,2.09861228866811
lấy,2.09861228866811
mít,1.6931471805599454
nhỏ,2.09861228866811
quả,1.0
thể,2.09861228866811
to,2.09861228866811
tròn,1.6931471805599454
táo,2.09861228866811
vỏ,2.09861228866811
xì,2.09861228866811
xù,2.09861228866811
