,quả cam ngon.,quả táo dở.,quả chanh chua.,quả mít to.,quả mít rất thơm nữa
quả cam ngon.,0.9999999999999997,0.1019539777927061,0.1019539777927061,0.11102611754195599,0.11102611754195599
quả táo dở.,0.1019539777927061,0.9999999999999996,0.1019539777927061,0.11102611754195599,0.11102611754195599
quả chanh chua.,0.1019539777927061,0.1019539777927061,0.9999999999999997,0.11102611754195599,0.11102611754195599
quả mít to.,0.11102611754195599,0.11102611754195599,0.11102611754195599,0.9999999999999999,0.4675111049451667
quả mít rất thơm nữa,0.11102611754195599,0.11102611754195599,0.11102611754195599,0.4675111049451667,0.9999999999999999
